-- MySQL dump 10.13  Distrib 5.5.53, for debian-linux-gnu (x86_64)
--
-- Host: localhost    Database: bastani
-- ------------------------------------------------------
-- Server version	5.5.53-0ubuntu0.14.04.1

/*!40101 SET @OLD_CHARACTER_SET_CLIENT=@@CHARACTER_SET_CLIENT */;
/*!40101 SET @OLD_CHARACTER_SET_RESULTS=@@CHARACTER_SET_RESULTS */;
/*!40101 SET @OLD_COLLATION_CONNECTION=@@COLLATION_CONNECTION */;
/*!40101 SET NAMES utf8 */;
/*!40103 SET @OLD_TIME_ZONE=@@TIME_ZONE */;
/*!40103 SET TIME_ZONE='+00:00' */;
/*!40014 SET @OLD_UNIQUE_CHECKS=@@UNIQUE_CHECKS, UNIQUE_CHECKS=0 */;
/*!40014 SET @OLD_FOREIGN_KEY_CHECKS=@@FOREIGN_KEY_CHECKS, FOREIGN_KEY_CHECKS=0 */;
/*!40101 SET @OLD_SQL_MODE=@@SQL_MODE, SQL_MODE='NO_AUTO_VALUE_ON_ZERO' */;
/*!40111 SET @OLD_SQL_NOTES=@@SQL_NOTES, SQL_NOTES=0 */;

--
-- Table structure for table `brands`
--

DROP TABLE IF EXISTS `brands`;
/*!40101 SET @saved_cs_client     = @@character_set_client */;
/*!40101 SET character_set_client = utf8 */;
CREATE TABLE `brands` (
  `id` int(11) NOT NULL AUTO_INCREMENT,
  `alias` varchar(45) NOT NULL,
  PRIMARY KEY (`id`)
) ENGINE=InnoDB AUTO_INCREMENT=13 DEFAULT CHARSET=utf8;
/*!40101 SET character_set_client = @saved_cs_client */;

--
-- Dumping data for table `brands`
--

LOCK TABLES `brands` WRITE;
/*!40000 ALTER TABLE `brands` DISABLE KEYS */;
INSERT INTO `brands` VALUES (1,'Bosch'),(2,'Hitachi'),(3,'Makita'),(4,'Dewalt'),(5,'Ronix'),(6,'NEG'),(7,'AEG'),(8,'معین توس'),(9,'مولن'),(10,'مولن'),(11,'نوین چوب'),(12,'پایون');
/*!40000 ALTER TABLE `brands` ENABLE KEYS */;
UNLOCK TABLES;

--
-- Table structure for table `companies`
--

DROP TABLE IF EXISTS `companies`;
/*!40101 SET @saved_cs_client     = @@character_set_client */;
/*!40101 SET character_set_client = utf8 */;
CREATE TABLE `companies` (
  `id` int(11) NOT NULL AUTO_INCREMENT,
  `alias` varchar(45) CHARACTER SET utf8 NOT NULL,
  `job` varchar(45) CHARACTER SET utf8 DEFAULT NULL,
  `address` varchar(255) CHARACTER SET utf8 DEFAULT NULL,
  `phone` varchar(45) DEFAULT NULL,
  `fax` varchar(45) DEFAULT NULL,
  `site` varchar(45) DEFAULT NULL,
  `email` varchar(255) DEFAULT NULL,
  `description` varchar(255) CHARACTER SET utf8 DEFAULT NULL,
  PRIMARY KEY (`id`)
) ENGINE=InnoDB AUTO_INCREMENT=3 DEFAULT CHARSET=latin1;
/*!40101 SET character_set_client = @saved_cs_client */;

--
-- Dumping data for table `companies`
--

LOCK TABLES `companies` WRITE;
/*!40000 ALTER TABLE `companies` DISABLE KEYS */;
INSERT INTO `companies` VALUES (1,'ابزار باستانی','فروش ماشیت آلات صنعتی','تهران، بزرگراه آیت اله سعیدی، شهرک صنعتی چهار دانگه، بین خیابان 19 و 20، جنب پمپ بنزین','09191133181',NULL,'www.abzarbastani.com',NULL,NULL),(2,'پیشگام فن آوران آرکا','پرینتر سه بعدی','تهران ، خیابان شهید بهشتی، خیابان مفتح شمالی، کوچه دهم، پلاک 2، طبقه 3، واحد 13','88175509','88176679','www.arka3dprinter.com','info@arka3dprinter.com','فروش پرینترهای سه بعدی فروش فیلامنت طراحی محصول خدمات پرینت سه بعدی');
/*!40000 ALTER TABLE `companies` ENABLE KEYS */;
UNLOCK TABLES;

--
-- Table structure for table `countries`
--

DROP TABLE IF EXISTS `countries`;
/*!40101 SET @saved_cs_client     = @@character_set_client */;
/*!40101 SET character_set_client = utf8 */;
CREATE TABLE `countries` (
  `id` int(11) NOT NULL AUTO_INCREMENT,
  `value` varchar(2) NOT NULL DEFAULT '',
  `text` varchar(100) NOT NULL DEFAULT '',
  PRIMARY KEY (`id`)
) ENGINE=MyISAM AUTO_INCREMENT=247 DEFAULT CHARSET=utf8;
/*!40101 SET character_set_client = @saved_cs_client */;

--
-- Dumping data for table `countries`
--

LOCK TABLES `countries` WRITE;
/*!40000 ALTER TABLE `countries` DISABLE KEYS */;
INSERT INTO `countries` VALUES (10,'AR','آرژانتین'),(30,'BR','برزیل'),(38,'CA','کانادا'),(44,'CN','چین'),(47,'CO','کلمبیا'),(56,'DK','دانمارک'),(72,'FR','فرانسه'),(80,'DE','آلمان'),(84,'GR','یونان'),(99,'IN','هند'),(102,'IR','ایران'),(104,'IE','ایرلند'),(105,'IL','اسرائیل'),(106,'IT','ایتالیا'),(110,'JP','ژاپن'),(115,'KP','کره شمالی'),(116,'KR','کره جنوبی'),(155,'NL','هلند'),(182,'RU','روسیه'),(190,'SA','عربستان صعودی'),(200,'ZA','آفریقای جنوبی'),(202,'ES','اسپانیا'),(213,'TW','تایوان'),(216,'TH','تایلند'),(222,'TR','ترکیه'),(223,'TM','ترکمنستان'),(230,'US','آمریکا');
/*!40000 ALTER TABLE `countries` ENABLE KEYS */;
UNLOCK TABLES;

--
-- Table structure for table `groups`
--

DROP TABLE IF EXISTS `groups`;
/*!40101 SET @saved_cs_client     = @@character_set_client */;
/*!40101 SET character_set_client = utf8 */;
CREATE TABLE `groups` (
  `id` int(11) NOT NULL AUTO_INCREMENT,
  `alias` varchar(45) DEFAULT NULL,
  PRIMARY KEY (`id`)
) ENGINE=InnoDB AUTO_INCREMENT=3 DEFAULT CHARSET=utf8;
/*!40101 SET character_set_client = @saved_cs_client */;

--
-- Dumping data for table `groups`
--

LOCK TABLES `groups` WRITE;
/*!40000 ALTER TABLE `groups` DISABLE KEYS */;
INSERT INTO `groups` VALUES (1,'ماشین‌آلات'),(2,'ابزارآلات');
/*!40000 ALTER TABLE `groups` ENABLE KEYS */;
UNLOCK TABLES;

--
-- Table structure for table `importers`
--

DROP TABLE IF EXISTS `importers`;
/*!40101 SET @saved_cs_client     = @@character_set_client */;
/*!40101 SET character_set_client = utf8 */;
CREATE TABLE `importers` (
  `id` int(11) NOT NULL AUTO_INCREMENT,
  `alias` varchar(45) CHARACTER SET utf8 NOT NULL,
  PRIMARY KEY (`id`)
) ENGINE=InnoDB AUTO_INCREMENT=3 DEFAULT CHARSET=latin1;
/*!40101 SET character_set_client = @saved_cs_client */;

--
-- Dumping data for table `importers`
--

LOCK TABLES `importers` WRITE;
/*!40000 ALTER TABLE `importers` DISABLE KEYS */;
INSERT INTO `importers` VALUES (1,'معین توس'),(2,'مولن');
/*!40000 ALTER TABLE `importers` ENABLE KEYS */;
UNLOCK TABLES;

--
-- Table structure for table `industries`
--

DROP TABLE IF EXISTS `industries`;
/*!40101 SET @saved_cs_client     = @@character_set_client */;
/*!40101 SET character_set_client = utf8 */;
CREATE TABLE `industries` (
  `id` int(11) NOT NULL AUTO_INCREMENT,
  `alias` varchar(45) NOT NULL,
  PRIMARY KEY (`id`)
) ENGINE=InnoDB AUTO_INCREMENT=5 DEFAULT CHARSET=utf8;
/*!40101 SET character_set_client = @saved_cs_client */;

--
-- Dumping data for table `industries`
--

LOCK TABLES `industries` WRITE;
/*!40000 ALTER TABLE `industries` DISABLE KEYS */;
INSERT INTO `industries` VALUES (1,'چوب و ام‌دی‌اف'),(2,'فلز'),(3,'لاستیک و پلاستیک'),(4,'ساختمان');
/*!40000 ALTER TABLE `industries` ENABLE KEYS */;
UNLOCK TABLES;

--
-- Table structure for table `messages`
--

DROP TABLE IF EXISTS `messages`;
/*!40101 SET @saved_cs_client     = @@character_set_client */;
/*!40101 SET character_set_client = utf8 */;
CREATE TABLE `messages` (
  `id` int(11) NOT NULL AUTO_INCREMENT,
  `user` int(11) DEFAULT NULL,
  `message` varchar(1455) DEFAULT NULL,
  `product` varchar(45) DEFAULT NULL,
  `read` tinyint(1) DEFAULT '0',
  `type` int(11) DEFAULT NULL COMMENT '1 for buy (product code should be one of products)\n2 for sale \n3 for buyNewItem (not in products)\n4 for normal messages\n5 for ads',
  `date` timestamp NULL DEFAULT CURRENT_TIMESTAMP,
  `confirmed` tinyint(1) DEFAULT '0',
  PRIMARY KEY (`id`)
) ENGINE=InnoDB AUTO_INCREMENT=36 DEFAULT CHARSET=utf8;
/*!40101 SET character_set_client = @saved_cs_client */;

--
-- Dumping data for table `messages`
--

LOCK TABLES `messages` WRITE;
/*!40000 ALTER TABLE `messages` DISABLE KEYS */;
INSERT INTO `messages` VALUES (1,3,'سلام. خیلی محصول خوبی به نظر میرسه. همینو میخوام.','M0031',1,1,'2016-12-15 23:48:20',0),(2,1,'سلام. من یه محصولی جدید میخوام. دارین؟',NULL,1,3,'2016-12-16 02:23:36',0),(3,1,'dsfsf',NULL,1,3,'2016-12-24 08:11:58',0),(4,1,'سلام. چند؟','M0031',1,1,'2016-12-30 08:27:31',1),(5,1,'این محصول رو میخوام به شما بفروشم.',NULL,1,2,'2016-12-30 08:31:33',0),(6,1,'دستگاه بالابر جدید شرکت ابر رایانه',NULL,1,5,'2016-12-30 08:47:15',1),(7,1,'این یک درخواست بصورت تست میباشد. اتریبیوت ng-model همانطور که از نامش پیداست، برای دریافت مدل استفاده می‌شود. مقادیری که در اتریبیوت‌های دل‌بخواهی on-value و off-value وارد می‌شود، برای مقدار مدل، هنگام انتخاب‌شده و بالعکس استفاده می‌شود. در صورتی که این دو اتریبیوت مقداردهی نشوند، true و false در نظر گرفته می‌شود.\r\n\r\nهمچنین در نظر داشته باشید که اگر مقدار ngModel در ابتدای کار مقداری خارج از onValue یا offValue باشد، مقدار offValue به طور پیش‌فرض برای آن در نظر گرفته می‌شود.',NULL,1,5,'2016-12-30 10:02:36',1),(8,1,'H gfs th gfhh','sdfsdfsdf',1,1,'2016-12-30 12:31:55',0),(9,1,'سلام من این دستگاه رو نیاز دارم.',NULL,1,3,'2016-12-30 19:03:54',0),(10,1,'نیاز به اجاره سوله در شهرک صنعتی به متراژ250 متر مربع',NULL,1,5,'2017-01-01 19:28:16',1),(11,1,'دستگاه برش 3.80 مولن',NULL,1,2,'2017-01-01 19:31:34',0),(12,1,'بنده یکدستگا از شرکت معین توس نیاز دارم',NULL,1,3,'2017-01-01 19:34:36',0),(13,1,'شرکت ابزار صنعتی باستانی تولید کننده تخت کمجا و کابینت و دکوراسیون',NULL,1,4,'2017-01-01 19:38:41',0),(14,1,'دستگاه فارسی بر از شرکت معین توس',NULL,1,2,'2017-01-01 19:43:41',0),(15,1,'دستگاه PVC فول اتومات از شرکت پایون',NULL,1,3,'2017-01-01 19:45:01',0),(16,1,'شرکت تولیدی باستانی ارائه دهنده خدمات چوب و دکوراسیون داخلی',NULL,1,4,'2017-01-01 19:46:13',0),(17,1,'سوله به متراژ 200 متر مربع جهت فروش در شهرک صنعتی',NULL,1,5,'2017-01-01 19:47:02',1),(18,4,'سلام جهت تست',NULL,1,2,'2017-01-01 19:52:22',0),(19,1,'سلام جهت تست این پیام ارسال گردیده است.','sdfsdfsdf',1,1,'2017-01-01 19:59:35',0),(20,1,'سلام تست','ab556',1,1,'2017-01-01 20:03:00',0),(21,1,'من این دستگاه رو میخوام','MA0001',1,1,'2017-01-01 20:15:45',0),(22,1,'قیمت و شرایط فروش','MA0001',1,1,'2017-01-01 20:16:31',0),(23,1,'باکس زیر تخت',NULL,1,2,'2017-01-02 15:21:57',0),(24,1,'gufxsuz7xic','دبتیبت',1,1,'2017-01-02 16:29:36',0),(25,1,'زتزابخکدمعدهزز','A222',1,1,'2017-01-04 19:25:13',0),(26,1,'لغهبیهوحو','x2222',1,1,'2017-01-06 15:41:51',0),(27,1,'بامها نتلتعا','MA0001',1,1,'2017-01-09 16:09:49',0),(28,71,'سلام',NULL,1,2,'2017-01-14 17:41:21',0),(29,1,'جک گازی آریا 3000 با یک سال گارانتی تعویض',NULL,1,2,'2017-01-21 14:50:03',0),(30,1,'جک گازی آریا. با یکسال ضمانت تعویض',NULL,1,3,'2017-01-21 14:52:25',0),(31,1,'جک گازی',NULL,1,5,'2017-01-21 14:57:22',1),(32,1,'سفارش ساخت طبق نمونه',NULL,1,5,'2017-01-23 15:56:38',1),(33,1,'من به اين دستكاه نياز دارم محدوده قيمت ٥٠تومن',NULL,1,5,'2017-01-24 19:16:58',1),(34,1,'با سلام .من این مدل از دستگاه رو نیاز دارم',NULL,1,2,'2017-01-27 17:06:55',0),(35,1,'Jfhgdugejhd','MA0001',1,1,'2017-02-02 19:19:43',0);
/*!40000 ALTER TABLE `messages` ENABLE KEYS */;
UNLOCK TABLES;

--
-- Table structure for table `products`
--

DROP TABLE IF EXISTS `products`;
/*!40101 SET @saved_cs_client     = @@character_set_client */;
/*!40101 SET character_set_client = utf8 */;
CREATE TABLE `products` (
  `id` int(11) NOT NULL AUTO_INCREMENT,
  `name` varchar(45) NOT NULL,
  `code` varchar(45) NOT NULL,
  `model` varchar(45) NOT NULL,
  `year` int(11) NOT NULL,
  `country` varchar(2) NOT NULL,
  `used` tinyint(1) NOT NULL DEFAULT '0',
  `brand` int(11) DEFAULT NULL,
  `industry` int(11) DEFAULT NULL,
  `group` int(11) DEFAULT NULL,
  `subgroup` int(11) DEFAULT NULL,
  `importer` int(11) DEFAULT NULL,
  `price` varchar(45) DEFAULT NULL,
  PRIMARY KEY (`id`)
) ENGINE=InnoDB AUTO_INCREMENT=29 DEFAULT CHARSET=utf8;
/*!40101 SET character_set_client = @saved_cs_client */;

--
-- Dumping data for table `products`
--

LOCK TABLES `products` WRITE;
/*!40000 ALTER TABLE `products` DISABLE KEYS */;
INSERT INTO `products` VALUES (14,'لبه چسبان','M0031','EB-101',2016,'CN',0,1,1,1,1,2,NULL),(15,'دستگاه خوب','x273','x273',1987,'CN',1,2,2,2,25,2,NULL),(16,'آل کلر','x897','e225',1879,'AL',1,2,2,2,2,2,NULL),(17,'A2','A222','8742',19999,'DZ',0,6,2,2,2,2,NULL),(18,'تست','zcxzxc','sdcsc',234234,'TM',0,NULL,NULL,NULL,NULL,NULL,NULL),(19,'تست جدید','ab556','84',1987,'TW',0,5,1,2,29,1,NULL),(21,'تست جدید','x2222','1231231',1788,'TH',1,3,1,1,30,1,NULL),(24,'رغغطفطغیع','x0035111','عیرغزز3صث',0,'CN',0,7,1,2,29,1,NULL),(25,'فارسی بر','TA0001','رو میزی',2016,'',0,NULL,NULL,NULL,NULL,NULL,NULL),(26,'فارسی بر','005','رومیزی',2016,'IR',0,3,1,2,9,1,NULL),(27,'دستگاه لبه چسبان PVC','MA0001','5 ایستگاه',2016,'IR',0,NULL,1,1,1,1,NULL),(28,'باکس زیر تحت کمجا','دبتیبت','طبی',2016,'IR',0,7,1,2,26,1,NULL);
/*!40000 ALTER TABLE `products` ENABLE KEYS */;
UNLOCK TABLES;

--
-- Table structure for table `subgroups`
--

DROP TABLE IF EXISTS `subgroups`;
/*!40101 SET @saved_cs_client     = @@character_set_client */;
/*!40101 SET character_set_client = utf8 */;
CREATE TABLE `subgroups` (
  `id` int(11) NOT NULL AUTO_INCREMENT,
  `alias` varchar(45) DEFAULT NULL,
  PRIMARY KEY (`id`)
) ENGINE=InnoDB AUTO_INCREMENT=31 DEFAULT CHARSET=utf8;
/*!40101 SET character_set_client = @saved_cs_client */;

--
-- Dumping data for table `subgroups`
--

LOCK TABLES `subgroups` WRITE;
/*!40000 ALTER TABLE `subgroups` DISABLE KEYS */;
INSERT INTO `subgroups` VALUES (1,'لبه چسبان'),(2,'دور كن'),(3,'سوراخ زن الیت'),(4,'CNC'),(5,'CNC فرز'),(6,'نوار PVC'),(7,'اره تیز كنی'),(8,'پرس وكیوم '),(9,'اره های افقی بر'),(10,'حكاكی لیزری'),(11,'روكش ام دی اف'),(12,'كرنر زن'),(13,'پانل بر'),(14,'پرس ملامینه'),(15,'مكنده صنعتی'),(16,'فرز میزی'),(17,'پوشال مرغداری'),(18,'CNC خراطی'),(19,'روكش یو وی'),(20,'خط تولید نئوپان'),(21,'روكش هایگلاس'),(22,'رولینگ خم كن'),(23,'رول فرمینگ'),(24,'گیوتین هیدرولیك'),(25,'كارواش'),(26,'سایر محصولات'),(27,'مکنده'),(28,'دریل'),(29,'فرز'),(30,'نامشخص');
/*!40000 ALTER TABLE `subgroups` ENABLE KEYS */;
UNLOCK TABLES;

--
-- Table structure for table `userproducts`
--

DROP TABLE IF EXISTS `userproducts`;
/*!40101 SET @saved_cs_client     = @@character_set_client */;
/*!40101 SET character_set_client = utf8 */;
CREATE TABLE `userproducts` (
  `id` int(11) NOT NULL AUTO_INCREMENT,
  `name` varchar(45) NOT NULL,
  `phone` varchar(45) NOT NULL,
  `product` varchar(455) DEFAULT NULL,
  `description` varchar(455) DEFAULT NULL,
  `confirmed` int(11) NOT NULL DEFAULT '0',
  PRIMARY KEY (`id`)
) ENGINE=InnoDB AUTO_INCREMENT=21 DEFAULT CHARSET=utf8;
/*!40101 SET character_set_client = @saved_cs_client */;

--
-- Dumping data for table `userproducts`
--

LOCK TABLES `userproducts` WRITE;
/*!40000 ALTER TABLE `userproducts` DISABLE KEYS */;
INSERT INTO `userproducts` VALUES (18,'آقای حسنی','09123213333','دستگاه لبه پر فلان','این دستگاه سه ماه دست ما بوده. تقریبا نو هستش. برای بازدید تماس بگیرید',0),(19,'عبس حمسدس','091233213123123','دستگاه بالابر فلان','سلام این یه متن تسته',0),(20,'sdf','sdf','fsd','sdfsdf',0);
/*!40000 ALTER TABLE `userproducts` ENABLE KEYS */;
UNLOCK TABLES;

--
-- Table structure for table `users`
--

DROP TABLE IF EXISTS `users`;
/*!40101 SET @saved_cs_client     = @@character_set_client */;
/*!40101 SET character_set_client = utf8 */;
CREATE TABLE `users` (
  `id` int(11) NOT NULL AUTO_INCREMENT,
  `username` varchar(45) NOT NULL,
  `password` varchar(45) NOT NULL,
  `alias` varchar(45) CHARACTER SET utf8 NOT NULL,
  `type` int(11) NOT NULL DEFAULT '1',
  `phone` varchar(45) DEFAULT NULL,
  `mobile` varchar(45) DEFAULT NULL,
  `businessName` varchar(45) CHARACTER SET utf8 DEFAULT NULL,
  `address` varchar(455) CHARACTER SET utf8 DEFAULT NULL,
  `fax` varchar(45) DEFAULT NULL,
  PRIMARY KEY (`id`,`username`,`password`,`alias`)
) ENGINE=InnoDB AUTO_INCREMENT=156 DEFAULT CHARSET=latin1;
/*!40101 SET character_set_client = @saved_cs_client */;

--
-- Dumping data for table `users`
--

LOCK TABLES `users` WRITE;
/*!40000 ALTER TABLE `users` DISABLE KEYS */;
INSERT INTO `users` VALUES (1,'bastani','123456','آقای باستانی',1,NULL,NULL,NULL,NULL,NULL),(2,'amir','123456','Amir Agha',2,NULL,NULL,NULL,NULL,NULL),(3,'nainemom','123456','Nainemom',2,NULL,'09365586015',NULL,'تهرانپارس - خیابان استخر - بوستان هفت - پلاک 11',NULL),(4,'mohsen','123456789','mohsen',1,'55177758','09120769647','ابزار باستانی','تهران.پونک حصارک',NULL),(5,'????? ????? ???????','123456789','باستانی',6,'02155771758','09191133181','فروشگاه باستانی','تهران بزرگراه آیت اله سعیدی شهرک صنعتی چهار دانگه خیابان اصلی بین خیابان 19 و 20 جنب پمپ بنزین',NULL),(6,'????','123456789','حصارکی',5,'021','09128443917','صنایع چوب محسن','تهران پونک حصارک',NULL),(7,'??????? ???? ???','66732308','اسدی',6,'66732308','09121385938','فروشگاه یراق آور','تهران.خیابان امام خمینی.میدان حسن آباد.ضلع شمال شرقی.پلاک ٨',NULL),(8,'???? ????','66715?68','.',6,'66715468','.','یراق متال','تهران.حسن آباد ضلع شمال شرقی پلاک10',NULL),(9,'????? ?????','66715601','ابزار سعیدی',4,'66715601','.','نماینده رسمی شرکت ابزارسرا و بوش و اسکیلدر ای','تهران خیابان سپه جلوتر از وزارت امورخارجه جنب پاساژایران پلاک 52',NULL),(10,'????? ??? ???','6675735','سینا شفیعی',6,'66753735','09121494138','نمایندگی دی والت و بلک انددکر','تهران خیابان امام خمینی نبش خیابان کشاورزی پلاک 36',NULL),(11,'????? ??????? ????','66243752','مرادی',3,'66243752','09121545183','تولید سیسمونی نوزاد و سرویس خواب نوجوان','تهران جاده ساوه شهرک ولیعصر خیابان حیدری جنوبیروبروی سه راه وحدت پلاک 55',NULL),(12,'???? ???','66693475','کارن چوب',3,'66693475','09124229139','تولید و پخش انواع تخت های تاشو و سیسمونی','تهران بزرگراه آیت اله سعیدی شهرک صنعتی چهار دانگه خیابان کشاورز پلاک 100',NULL),(13,'?????? ????','09127003704','مبلمان آدنا',3,'09127003704','09127003704','تولید و پخش مبلمان استیل کلاسیک و سرویس خواب','تهران بازار مبل نعمت آباد  خیابان جانباز بین کوچه 15 و 13 شرقی پلاک 160',NULL),(14,'???? ?????? ?????','09121436839','سلمانی',3,'09121436839','09121436839','طراحی و ساخت','بزرگراه آیت اله سعیدی  شهرک صنعتی چهاردانگه انتهای خیابان 21 خیابان کمند شمالی خیابان نگین پلاک 7',NULL),(15,'?? ?? ????','55941281','نی نی دکور',3,'55941281','09190405007','تولید وپخش  سیسمونی بدون واسطه','تهران بزرگراه شهید کاظمی خیابان جانباز کوچه سیزدهم شرقی پلاک 8',NULL),(16,'??????? ????? ????? ??','66725097','فروشگاه ابزار ممتاز نو',4,'66725097','66725097','فروشنده و وارد کننده ابزار نمایندگی NEC','خیابان امام خمینی  روبروی بازار ابزار یراق نبش کوچه سلطانی پلاک 108',NULL),(17,'????? ???? ??????','66708150','صفری',6,'66708150','09122883820','تهیه کننده و فروشنده انواع لوازم تراشکاری قال','تهران خیابان امام خمینی  جنب ترمینال فیاض بخش شماره 84',NULL),(18,'???? ????? ?????','66715115','شیخ رضایی',4,'66715115','66715115','نمایندگی انحصاری صفحه سنگهای پگا تک در ایران','تهران امام خمینی مقابل موزه پست پلاک 6',NULL),(19,'??????','66237373','مبلمان اتاق کودک و نوجوان کارینو',3,'021-66237373','021-66237373','مبلمان اتاق کودک و نوجوان کارینو','تهران - یافت آباد شهرک ولیعصر (عج) 20متری حیدری جنوبی پلاک 59',NULL),(20,'???? ???','56717678','آریو چوب',4,'56717678','56717678','تولید کننده و وارد کننده ماشین آلات جوب و ام ','تهران احمد اباد مستوفی میدان پارسا صنوبر چهارم شمالی شهرک بهسازی صنایع چوب ایران سالن 16 B',NULL),(21,'??????? ??? ????? ?????','66719915','بهزاد خانی',6,'66719915','09121782839','نمایندگی فروش رونیکس و سنگ ابزار','تهران خیابان امام خمینی پاساژ نظام پلاک 140 طبق همکف',NULL),(22,'??? ?????','42602702','راش ماشین پیشرو در تولید جدیدترین ماشین آلات ',3,'031-42602702','09109309103','راش ماشین پیشرو در تولید جدیدترین ماشین آلات ','فروش تهران بزرگراه آیت اله سعیدی ورودی شهرک صنعتی چهاردانگه-------کارخانه اصفهان ویلاشهر کیلومتر اول بلوار آزادگان',NULL),(23,'???? ?? ??','66218215','خانه کم جا',6,'66218215','021-66218215','تولید کننده و فروشنده تخت های کمجا و سرویس خو','تهران شهرک ولیعصر حیدری جنوبی روبروی بانک ملی ابتدای خلج معصومی پلاک 37',NULL),(24,'??? ?????','88973678','محمد کچوئی',3,'88973678','09122258500','تولید کننده و عرضه کننده ماشین آلات و مواد او','تهران خیابان سید جمال الدین اسد ابادی خیابان دوم پلاک 10 واحد 9',NULL),(25,'???????? ???','55267701','بازرگانی افق',4,'55267701','021-55267701','وارد کننده نوار PVC ایرانی و خارجی و چسب گران','تهران بزرگراه آیت اله سعیدی شهرک صنعتی چهار دانگه  بلوار صنایع  پلاک 4',NULL),(26,'???? ???? ???? ??????','55264077','شرکت آذین نمای فرزانه',5,'55264077','09125302891','تهیه کننده  درب و پنجره  الومینیوم اختصاصی تر','تهران بزرگراه آیت اله سعیدی شهرک صنعتی چهار دانگه  خیابان سوم  آلومینوم کاران خیابان میلاد پلاک 6',NULL),(27,'???? ?????? ???????? ??????','55260186','گروه تولیدی بازرگانی رستگار',3,'55260186','09126877262','پخش و توزیه انواع پروفیل MDF با روکش PVC قرنی','تهران بزرگراه آیت اله سعیدی شهرک صنعتی چهار دانگه خیابان 23/5 اشکان پلاک 9',NULL),(28,'??????? ????','55274014','حسینی-اسماعیلیان',6,'55274014','09121055797','خرید و فروش ابزار آلات صنعتی-Cnc -PVC-وکیوم-ا','تهران بزرگراه آیت اله سعیدی شهرک صنعتی چهار دانگه  نبش خیابان 17',NULL),(29,'???? ???','88754357','حبیبی',4,'88754357','09120851398','تولید کننده و وارد کننده ماشین آلات و ابزار ص','تهران خیابان سهروردی شمالی خیابان خرمشهر پلاک 60 طبقه 3 واحد 6 و 5',NULL),(30,'???? ????? ???? ???????','56694542','مرادی',3,'56694542','09125457941','تولید کننده ابزار آلات صنعتی','تهران شهرک صنعتی چهار دانگه  عباس آباد  خیابان امام خمینی  پلاک 64',NULL),(31,'???? ?????','55274294','عرضه کننده انواع ماشین آلات و ابزارآلات صنعتی',6,'55274294','09123148659','عرضه کننده انواع ماشین آلات و ابزارآلات صنعتی','تهران-شهرک صنعتی چهار دانگه  خیابان 19 خیابان کیوان پلاک 42',NULL),(32,'????? ????? ????','66347984','سروش نژاد',6,'66347984','09125106107','فروشگاه ابزار آلات صنعتی نمایندگی رونیکس','تهران خیابان امامخمینی نرسیده به میدان حسن آباد پاساژ رشید 1 طبقه زیر همکف پلاک 1',NULL),(33,'????? ????? ????','66720720','محمود صباغ',6,'66720720','09121176593','بورس تیغ اره ماشینی و نواری و چوب بری و فولاد','تهران خیابان امام خمینی روبروی بیمارستان سینا نبش کوچه جهانگردی پلاک 190',NULL),(34,'????? ??????','66704820','ابزار محبوبی',6,'66704820','021-66704820','فروشگاه مرکزی ابزارهای صنعتی ماکیتا ژاپن','تهران خیابان امام خمینی جنب بیمارستان سینا پلاک 97',NULL),(35,'?? ?????(????)','66801224','گل محمدی(بشیر)',6,'66801224','0923807623','پخش انواع قوطی و پروفیل صنعتی و ساختمانی نبشی','تهران جاده قدیم کرج بعد از میدان شیر پاستوریزه کیلومتر 4 مجتمع تجاری پارس امیر پلاک 7',NULL),(36,'????????','66753335','سعید پور محمد',6,'66753335','09123369648','فروشگاه ابزار آلات و ماشین آلات صنعتی','تهران خیابان امام خمینی جنب ترمینال فیاض بخش پلاک 94',NULL),(37,'????? ?????','66722752','ابزار صادقی',6,'66722752','021-66722752','فروشگاه دیسک های تخصصی برش کاشی و سرامیک گران','تهران خیابان امام خمینی میدان حسن آباد ضلع جنوب شرقی نبش خیابان وحدت پلاک 1',NULL),(38,'??????? ???? ????','55259307','عباسی-کمپرسور هوا پویا',3,'55259307','09129219198','تولید کمپرسورهای هوای فشرده اسکرو و پیستونی','تهران بزرگراه آیت اله سعیدی چهار دانگه  روبروی تالار تندیس پلاک 375',NULL),(39,'??? ?? ???','33284073','فروشگاه قاسمی',3,'33284073','09125198191','عاملیت فروش صفحات پلی وود(ضد آب) چوب سا نما  ','تهران شهرک صنعتی خاوران سایت چوب فروشها خیابان بلوط خیابان سپیدار یکم شماره 3501',NULL),(40,'???? ???','56230481','عبدالرسول جنتی',3,'56230481','09128112759','تولید کننده و وارد کننده ماشین آلات چاپ .CNC.','تهران-بزرگراه جلال آل احمد بین شیخ فضل اله و یادگار امام نرسیده به چهار راه آریا فر پلاک 315---کارخانه جاده قدیم قم تهران حسن اباد شهرک صنعتی شمس آباد  بلوار نارنجستان  گلبرگ نهم پلاک 11',NULL),(41,'???? ????? ????','55177734','عبدالمالکی',6,'55177734','09129415154','مشاور امور املاک صنعتی/خرید و فروش رهن و اجار','تهران شهرک صنعتی چهار دانگه بین خیابان 19 و 20 جنب پمپ بنزین',NULL),(42,'????? ????? ??????','66717911','علی بخشی',6,'66717911','02166717911','مرکز خرید و فروش ابزارهای برقی دی سی ای و ماک','تهران خیابان امام خمینی  روبروی بیمارستان سینا  بازارچه تبریز پلاک 15',NULL),(43,'??????? ??? ??????','66349803','فروشگاه سنگ آبرسیو',4,'66349803','02166349803','تهیه و توزیع سنگهایCBN , DIAMOND سنباده حدیده','تهران خیابان امام خمینی  نرسیده به میدان حسن آباد پاساژ رشید 1 طبق همکف پلاک 17',NULL),(44,'??????','66971119','شیر آقایی',4,'66971119','09128586502','مشاوره و فروش ماشین آلات ابزار و مواد اولیه ص','تهران خیابان کارگر جنوبی پایین تر از میدان حر نبش کوچه حاتمی پلاک 965',NULL),(45,'????? ????','66171729','پرشین تولز',4,'66171729','09122946866','نمایندگی پخش ابزار آلات ماکیتا و مک تک و بوش ','تهرانخیابان امام خمینی روبروی بیمارستان سینا پاساژ رشید 3 طبق زیر همکف  پلاک 5',NULL),(46,'???????? ?????','66741014','بازرگانی رویال',4,'66741014','02166741014','تامین تجهیزات صنعتی و جوشکاری','تهران خیابان امام خمینی  روبروی بیمارستان  سینا شماره 148',NULL),(47,'????? ???? ????','66761039','عبدالهی',4,'66761039','09127136746','نماینده انحصاری گروه صنعتی ساب و برش','تهران خیابان امام خمینی  نرسیده به میدان حسن آباد  ابتدای کوچه شجاعی  بازار ابزار پایتخت  طبقه همکف واحد 22',NULL),(48,'???? PVC ???? ??????','55258364','خلیل استادی',4,'55258364','09121496389','پخش انواع پروفیل ایرانی و خارجی نوار  و چسب P','تهران شهرک صنعتی چهار دانگه خیابان 24 بلوار صنایع  پلاک 47',NULL),(49,'?????  ? ???? ?????','55259710','ابزار  و یراق آلاشت',3,'55259710','09123596178','تولید و پخش انواع پایه های مبلی و نهار خوری و','تهران شهرک صنعتی چهار دانگه  خیابان 24 انتهای بلوار صنایع  جنوبی بین تاک و نارون  پلاک 19',NULL),(50,'??????? ????','55258744','قربانی',4,'55258744','09121220835','تهیه و توزیع انواع نوار PVC اتویی و چسب گرانو','تهران شهرک صنعتی چهار دانگه  خیابان 24 بلوار صنایع پلاک 88',NULL),(51,'???????? ?????','55258744','احمدی',4,'55266299','09126043436','واردات و پخش یراق آلات  ریل لولا  دستگیره جک ','تهران شهرک صنعتی چهاردانگه بلوار صنایع  نبش صنوبر شرقی پلاک 81',NULL),(52,'????? ? ???? ????','55258380','حسنی',3,'55258380','09129496748','تولید وپخش انواع مهتابی های LED و هالوژن  پای','تهران شهرک صنعتی چهار دانگه خیابان 24 بلوار صنایع  پلاک 74',NULL),(53,'????? ? ???? ????','55251063','رحیمی',3,'55251063','021 55251063','تولید و پخش انواع یراق آلات نجاری  قفل لولا د','تهران شهرک صنعتی چهار دانگه  خیابان 24 بلوار صنایع  نبش شقایق پلاک 103',NULL),(54,'??????? ??? ?????','55276181','فروشگاه چسب صنایع',4,'55276181','09122002101','عاملیت پخش محصولات آک فیکس (چسب )','تهزان شهرک صنعتی چهار دانگه خیابان 24 بلوار صنایع شماره 48',NULL),(55,'???? ??','55269730','اسد زاده',4,'55269730','09121755296','عرضه مستقیم مواد اولیه صنعت چوب پخش نئوپان و ','تهران شهرک صنعتی چهار دانگه  خیابان 24 بلوار صنایع  جنوبی پلاک 101',NULL),(56,'???????? ????','55260725','بازرگانی ریوا',3,'55260725','09125452207','تولید نوار ENSOPLAST PVC و واردات پروفیل و یر','تهران شهرک صنعتی چهار دانگه  خیابان 24  بلوار صنایع نبش کوچه راش پلاک 80',NULL),(57,'???? ????? ?????','55263088','علیزاده',3,'55263088','09125849036','تولید و پخش انواع بهترین باکسهای جکدار  نرده ','تهران شهرک صنعتی چهار دانگه خیابان 24 صنوبر شرقی تقاطع بلوار صنایع پلاک 79',NULL),(58,'????? ???? ?????? -??????? ????','55250925','شیرازی',3,'55250925','09127129378','تولید و فروش تخت های کمجا و محصوات ملامینه و ','تهران شهرک صنعتی چهار دانگه خیابان 24  بلوار صنایع پلاک 87',NULL),(59,'????? ?????','55253442','بابایی',6,'55253442','09124052786','نمایندگی رونیکس و تهیه ابزار های بادی و برقی','تهران شهرک صنعتی چهار دانگه خیابان 24 بلوار صنایع پلاک 99',NULL),(60,'???? ?????','55261816','بابایی',3,'55261816','09124052786','تهیه و توزیع کلیه یراق کابینت و سرویس خواب','تهران شهرک صنعتی چهار دانگه  خیابان 24  بلوار صنایع پلاک 95',NULL),(61,'?????? ???????? ?????? -????','55241818','بابایی',1,'55241818','09122759597','تولید و تهیه شناگر و قطعات','تهران شهرک صنعتی چهار دانگه  خیابان 25 پلاک 35',NULL),(62,'?????? ???????? ?????? -????','55241818','بابایی',3,'55241818','09122759597','تولید و تهیه شناگر و قطعات','تهران شهرک صنعتی چهار دانگه خیابان 25 پلاک 35',NULL),(63,'?????? ???????? ?????? -????','55241818','بابایی',3,'55241818','09122759597','تولید و تهیه شناگر و قطعات','تهران شهرک صنعتی چهار دانگه خیابان 25 پلاک 35',NULL),(64,'???? ?????? ????? ???? ???? ?? .??. ??','55266501','گروه تولیدی صنعتی تکنو کوثر اچ .ای. اس',3,'55266501','021 552665501','تولید کننده دستگیره های کابینت کمدی و انواع پ','تهران شهرک صنعتی چهار دانگه خیابان 26 تاک پلاک 32',NULL),(65,'???? ???? ???? ????','55261412','صادقی',3,'55261412','09123255622','پخش یراق آلات سرویس خواب کابینت و کمد نوزاد','تهران شهرک صنعتی چهار دانگه خیابان 24 بلوار صنایع  پلاک 123',NULL),(66,'??? ???','09126127100','حاجی حسنی',4,'09126127100','09126127100','نمایندگی انحصاری چسب گرانول QUANTUM و فروش ان','تهران شهرک صنعتی چهار دانگه خیابان 25 خیابان سپیدار کوچه کنار پاسلژ صنوبر ورودی اول پلاک 48',NULL),(67,'??????? ?????','55262745','فروشگاه اوشلی',6,'55262745','09123933449','پخش نوار لبه PVC  وورقه هایگلاس  و چسب گرانول','تهران شهرک صنعتی چهار دانگه  خیابان 24 فردوس بلوار صنایع نبش نیلوفر شرقی پلاک 119',NULL),(68,'???????? ????','55252310','ایرانیان کیچن',6,'55252310','09129409740','فروش هود سینک گاز یراق کابینت','تهران شهرک صنعتی جهار دانگه خیابان 24 بلوار صنایع جنوبی جنب نیلوفر شرقی پلاک 117',NULL),(69,'??????? ??????','55263118','حمید سلطانی',6,'55263118','09122110456','توزیع چسب و یراق آلات','تهران شهرک صنعتی چهار دانگه  خیابان 24  بلوار صنایع پلاک 125',NULL),(70,'????? ?? CNC','51086192','جلالی',3,'51086192','09127132616','طراحی و ساخت و تولید انواع دستگاههای روتاری م','تهران شهرک صنعتی چهار دانگه شهرک صنعتی سهند سوله های سبز بلوک 5 پلاک 430/1',NULL),(71,'aghaei','66316631','aghaei',2,NULL,'09122834478',NULL,'fjhkhgjy',NULL),(72,'????????','22566390','سایلستون',3,'22566390','02122566390','بزرگترین تولید کننده صفحات کوارتز در دنیا برا','تهران-',NULL),(73,'???? ???? ????? ????','88055970','شرکت نگین تجارت ایده',4,'88055970','02188055970','نماینده رسمی کارخانه ایشیک در ایران-پخش مستقی','تهرانمیدان ونک خیابان ملاصدرا روبروی بیمارستان بقیه اله پلاک 189 واحد 10',NULL),(74,'????? ???','77642026','ایران سبز',4,'77642026','02177642026','نماینده انحصاری صفحات سالید سورفیس وسترمن آلم','تهران-دفتر مرکزی فروش 77642026',NULL),(75,'???????','03195010174','ورقهای فشرده چهلستون',3,'03195010174','03195010174','تولید کننده انواع MDFو نئوپان ملامینه در سه ف','اصفهان شرکت چهلستون-',NULL),(76,'???? ?????','02196861030','درفک ماشین',3,'02196861030','09125129916','عرضه کننده با کیفیت ترین روکش هایگلاس مخصوص ر','تهران اتوبان ساوه سه راهی آدران خیابان شهید پروفسور شهریاری (رینگ کار)پلاک 50',NULL),(77,'???? ????','44351030','هاشمی',3,'44351030','09123904001','پخش عمده و جزئی محصولات آرین سینا سفید و رنگی','تهران  میدان شهرزیبا  خیابان احمد کاشانی پلاک 85',NULL),(78,'????? ????? ???? ???? ???(????? ???)','04436457365','پانا چوب',4,'04436457365','04436457365','مجتمع صنایع چوبی صادرات و واردات و تولید ،فرآ','آذربایجان شرقی.منطقه آزاد تجاری و صنعتی  ارس',NULL),(79,'??? ????? ??? ????','33282241','علی کاهه',4,'33282241','09121432983','پخش کلی و جزئی MDFخام و نمایندگی رویه درب ملا','تهران کیلومتر 15 جاده خاوران  شهرک صنعتی خاورانسایت چوب فروشان خیابان بلوط پلاک 3115',NULL),(80,'????','33855960','پاکو',3,'33855960','33855960','تولید کننده ورق های MDF با روکش هایگلاس و روک','تهران انبار سپهر جاده خاوران',NULL),(81,'????? ?????','55472947','توسعه ماشین',6,'55472947','02155472947','فروش ماشین آلات و ابزار آلات و ملزومات صنایع ','تهران خیابان کارگر جنوبی  بین چهار راه لشگر و میدان قزوین  پلاک 663',NULL),(82,'???? ??????(????)','22327990','لوکس بارشین(نیمن)',4,'22327990','02122327990','نمایندگی فروش نیمن.ورقهای هایگلاس براق و درخش','تهران خیابان بنی هاشم نبش کوچه طبری برج نسترن طبق 6  واحد 3',NULL),(83,'??? ????','88517632','آرت پویا',4,'88517632','09380847460','وارد کننده و توزیع کننده ورقهای PVCفومیزه روک','تهران -',NULL),(84,'???? ???????? ????? ???','66409927','روماک چوب',4,'66409927','02166409927','شرکت بازرگانی نماینده فروش ماشین آلات داوانتی','تهران خیابان کارگر جنوبی چهار راه لشکر روبروی اداره پست نبش کوجه فرشته  پلاک 837',NULL),(85,'???? ????','77522237','سراج صنعت',4,'77522237','02177522237','نمایندگی نحصاری شرکت STARK ایتالیااره های سوئ','تهران خیابان انقلاب مقابل خیابان بهار  ساختمان 64 پلاک 5',NULL),(86,'????? ????','77111020','تهران یراق',3,'77111020','02177111020','تولید کننده  انواع ریل و قررقره دربهای  کشویی','تهران سه راه تهرانپارس  ابتدای جاده آبعلی  خیابان 35 متری اتحاد کوچه 19 غربی پلاک 20',NULL),(87,'???????? ??????','33284027','بازرگانی آقاپور',6,'33284027','02133284027','نماینده فروش محصولات آذران چوب کیمیا در سایت ','تهران شهرک صنعتی خاوران سایت چوبفروشان  خیابان نارون شرقی پلاک 3836',NULL),(88,'?????? ???? ??????','22501163','بارشین آتیه گستران',3,'22501163','02122501163','تولید کننده  یراق آلات آشپزخانه و نمایندگی ای','تهران خیابان بنی هاشم کوچه شهید عباس طبری پلاک 8 ساختمان ارغوان واحد 39',NULL),(89,'??????','66978660','هایگلد',3,'66978660','02166978660','تولید کننده ابزار آلات و یراق آلات آشپزخانه','تهران',NULL),(90,'????????','88219177','آتیستون',3,'88219177','02188219177','تولید کننده صفحات سنگ مصنوعی  یکپارچه و میزها','تهران سهروردی شمالی نبش اندیشه سوم',NULL),(91,'????','48069244','هنکل',4,'48069244','02148069244','عرضه چسب های ممبران هنکل آلمان.','تهران بزرگراه ستاری شمالی نرسیده به بزرگراه آبشناسان شماره 3 ساختمان فراساز طبقه پنجم',NULL),(92,'????? ??? ???','88529225','کیانی شاد',3,'88529225','02188529225','دربهای کمدی ورودی و اتاقی کابینت آشپرخانهو قط','تعران',NULL),(93,'??????? ???????','','باستاني',1,NULL,NULL,NULL,NULL,NULL),(94,'???? ???? ???? ?????(?? ?? ??)','WWW.ANG.ir','شرکت آسیا نگار گلسار(ای ان جی)بزرگترین تولید',3,'WWW.ANG.ir','WWW.ANG.ir','بزرگترین تولید کننده ام دی اف های گلاس و ام د','WWW.ANG.ir','WWW.ANG.ir'),(95,'???? ???? ?????? ??????? (?????)','88543335','شرکت آریا کیمیای خوانسار',3,'88543335','02188543335','اولین و بزرگترین تولید کننده چسب های گرانول .','تهران خیابان شریعتی خیابان شهید بهشتی خیابان سهند کوچه شهرتاش پلاک 31 واحد 2 شرقی','88526522'),(96,'???? ???????? ??? ???? AGE','88501820','شرکت چوبکاران عصر نوین AGE',4,'88501820','02188501820','وارد کننده انواع روکش PVC , PET و هایگلاس .نم','تهران شهرک صنعتی چهار دانگه','88501820'),(97,'???? ???','33282165','باکس وود',4,'33282165','09122576108','واردات و پخش MDF','تهران شهرک صنعتی خاوران .مجتمع تجاری صنف چوب  و تخته تهران  خیابان نارون  شماره 7204','33283536'),(98,'????? ???? ??????','33282165','محمودی',4,'33282165','09121836194','نمایندگی ملامینه فومنات و نمایندگی محصولات سن','تهران شهرک صنعتی خاوران مجتمع تجاری صنف چوبو تخته تهران. خیابان نارون  شماره 7204','33283536'),(99,'????? ?????','88662766','باران تجارت',4,'88662766','02188662766','نمایندگی فروش محصولات YILDIZ در ایران','تهران خیابان ولیعصر تقاطع  توانیر  مجتمع  تجاری طلوع پلاک 2486 واحد 405','88674258'),(100,'???? ???? ????','02537211286','شرکت آفاق نگار',3,'02537211286','02537211286','تولید کننده فوم های PVC  100% ضد آب استفاده د','02537211286','02537211286'),(101,'?????? ???','22875835','اسپوتا چوب',4,'22875835','02122875835','نماینده انحصاری پارکت لمینت وروکس فلور آلمان ','تهران خیابان شریعتی روبروی مسجد میرداماد پلاک 1173 طبقه 5 واحد 10','22875835'),(102,'????? ???','56870087','اکیاس وطن',4,'56870087','02156870087','واردات انواع روکش PVC هایگلاس .ممبران.رپینگ.پ','پرند.میدان فن اوری .انتهای فن آوری شمالی . قطعه A29','56871002'),(103,'???? ?? ?? ??','22430655','آریا پی وی سی',4,'22430655','09121260303','بزرگترین وارد کننده روکش های PVC کره جنوبی .ب','22430655','22430655'),(104,'???? ??? ???? ???? ?????','03155207097','بازرگانی معصومی',4,'03155207097','03155207097','تولید کننده MDF سفید صابونی یکرو ودو رو .رنگی','کاشان.کیلومتر 2  جاده مخصوص قمصر .کوی میلاد.','03155207097'),(105,'???? ????','33281987','محسن قناد',4,'33281987','09121007774','پخش فراورده های چوبی .تخته روسی یولکا خیس و خ','تهران سایت چوب فروشان  خیابان نارون پلاک 2840','33281987'),(106,'????? (???????)','026-36674959','یونیک (سامسونگ)',4,'026-36674959','09121976830','فروش و اجرای سنگ های مصنوعی (کورین )سامسونگ','کرج .پل فردیس انبار نفت شرق به سمت شهرک وحدت .خیابان احترامی بن بست البرز پلاک60','02636659646'),(107,'??????','88708736','رسپینا',4,'88708736','02188708736','وارد کننده انواع روکش PVC .مات و هایگلاس .HDF','تهران خیابان ولیعصر پایین تر از پارک ساعی  برج نگین ساعی طبقه پنجم واحد 507','88708735'),(108,'????? ??? ? ???????','22596193','زاگرس چوب و پیروزان',4,'22596193','02122596193','نماینده رسمی لامی گلاس در ایران.پیشتاز در موا','تهران خیابان پاسداران خیابان دولت خیابان مطهری پلاک 6 واحد 27','22596184'),(109,'?????? ???','77670390','دارکوب شرق',3,'77670390','02177670390','تولید کننده ورقهای  باروکش فرمیکا فوق برجسته ','تهران.دروازه شمیران.خیابان سپاه  جنوبی .جنب بانک صادرات بن بست نبوی پلاک 1 واحد 10','77670390'),(110,'???? ????? ???? ???','05132493511','گروه صنعتی تیشه وری',3,'05132493511','09151255459','تولید کننده ممتاز .پروفیل  ورویه درب ملامینه ','مشهد کیلومتر 20 بزرگراه آسیایی قوچان فرعی عسکریه سمت راست','05132493493'),(111,'???? ?????','77621422','پارس لمینت',3,'77621422','77621422','تولید MDF .ملامینه.های گلاس براق.برجسته خام و','دفتر مرکزی 77621422','77621421'),(112,'?? ?? ??','88379280','ای اس دی',3,'88379280','02188379280','روکش های HPL .صفحه کابینت ASDترکیه در ایران','88379280','88361380'),(113,'??????? ???(AGT)','7351','پارسیان چوب(AGT)',4,'7351','02122827003','واردات مواد اولیه صنایع چوب .ام دی اف ملامینه','7351','22827201'),(114,'???????? ??????','07137365301','بازرگانی هوشیار',6,'07137365301','09171116000','مرکز پخش انواع ام دی اف خام و رنگی','شیراز-بلوار ارتش روبروی بانک ملت','07137387819'),(115,'?????','77807824','هومن مرادی',4,'77807824','09123571222','عرضه کننده چسب گرانول بردو آدامزاز کشور انگلس','تهران.دلاوران تکاوران سی متری دوم (جهان شاهلو) خیابان سروش پلاک 8','77090181'),(116,'??????? ??? ???? ????','33281456','سید مهدی رضوی',6,'33281456','09123982612','نمایندگی فروش MDF آرا و آسا .MDFسیلک  براق و ','تهران.شهرک صنعتی خاوران سایت چوبفروشان.صنوبر 2. پلاک 2409','33281456'),(117,'??????? ??? ???? ???','33281280','فرآورده های چوبی محب',3,'33281280','09123712219','پخش انواع نراد روسی .زیر پایی.فالب بندی.MDFخا','تهران کیلومتر 15 جاده خاوران شهرک صنعتی .سایت چوبفروشان پلاک 7129 روبروی بانک سپه','33281280'),(118,'?????','55255974','نریمانی',6,'55255974','09127256404','فروش اونواع ورقهای ملامینه و MDF','تهران.شعبه 3 شهرک صنعتی چهار دانگه خیابان 24 خیابان صنایع شمالی پلاک 9','55255974'),(119,'?????','56541278','پاندا',3,'56541278','09124275007','اولین تولید کننده نوار PVC در ایران','تهران جاده قدیم قم شور آباد  انتهای 60 متری امام خسین شهرک صنعتی تهران پلاک 44','56541209'),(120,'???','06135567250','فخر',6,'06135567250','09166115835','اولین وکاملترین مجموعه چوب استان خوزستان.نمای','اهواز.اتوبان ایت اله بهبهانی  اسلام آباد جنب نمایندگی سایپا','06135567250'),(121,'????? ???','77241164','آرمان سبز',6,'77241164','77241164','نماینده فینسا در استان تهران','تهران . میدان الغدیر خیابان هنگام شمالی بالاتر از سارمان آب نبش کوچه ششم پلاک 668','77241164'),(122,'???? ???????? ????','88477539','گروه بازرگانی دشتی',4,'88477539','88477539','نمایندگی فروش ملامین سازه تبریز.نئوپان گنبد.ل','www.DASHTI.CO','88476540'),(123,'??????','7740968','سپاهان پلیمر',3,'7740968','02177440968','گروه صنعتی سپاهان پلیمر تولید کننده نوار لبه ','تهران خیابان سراج 30 متری دوم نبش مجاهد پلاک 44','33993821'),(124,'???? ???','26318854','راتا چوب',4,'26318854','02126318854','نماینده انحصاری ورقهای اسکین کرنوشپان  در ایر','تهران پل چوبی خیابان سپاه شمالی  پلاک 47','77629890'),(125,'??????? ??? ???? ?????','77511801','فرآورده های چوبی افشین',6,'77511801','09121767572','فروش ورقهای MDF خام و سفید .مالزی و ترک.-فومی','تهران.پل چوبی سپاه شمالی  پلاک 49','77511801'),(126,'???? ????? ??? ???','33287388','گروه صنعتی چوب پاک',4,'33287388','09128179180','عرضه ورقهای MDF با مغز خارجی و نئوپان ملامینه','ن تهران شهرک صنعتی خاوران سایت چوب فروشان خیابان نارون  بعد از چهار راه  بلوط پلاک 6126','33287388'),(127,'??????? ????','09122895275','برادران کردی',5,'55261860','09122895275','تهيه و توزيع كليه يراق آلات','شهرك صنعتي چهار دانگه،خيابان بيست و چهارم،بلوار صنايع،پلاك ٣٣','09122895275'),(128,'????? ?? ?? ??','09355413020','حسن زاده',5,'55266537','09355413020','نمايندگي پخش محصولات نوار pvc و چسب گرانول','شهرك صنعتي چهار دانگه،خيابان بيست و چهارم،بلوار صنايع جنوبي،پلاك ٣٧','09355413020'),(129,'???? ?? ?? ??','55256637','گل افشان',5,'55256637','09123439427','وارد كننده انواع نوار پي وي سي و ملامينه ترك','شهرك صنعتي چهار دانگه،خيابان بيست و چهارم،بلوار صنايع جنوبي،پلاك ٣٤','092155256637'),(130,'????? ???? ???? ???','09193131215','قرباني',5,'09193131215','09193131215','ساخت و طراحي كابينت و دكوراسيون','ايت الله سعيدي،بلوار شقايق نرسيده به سهيل،بنگاه المهدي،انتهاي گاراژ','09193131215'),(131,'???? ???','09127071970','قاسمي',3,'09127071970','09127071970','توليد وتأمين انواع پيچ و مهره خاص','شاد آباد،بازار آهن مجتمع تجاري ١٧شهريور،بلوكA الف،طبقه همكف،پلاك ١٤','66641485'),(132,'??????','55242537','كانديد',3,'55242537','09122862264','توليد كننده مبلمان اداري','كانديد','09122862264'),(133,'???? ????? ?????','55251258','گروه صنعتي ياسين',3,'55251258','09123350782','توليد كننده انواع صندلي هاي گردان و مبلمان اد','شهرك صنعتي چهار دانگه خيابان بيست و سوم پلاك ٥','09123350782'),(134,'???? ?????? ???? ????','011-32470050','واثقي',5,'011-32470050','09111191576','گروه طراحان طلوع سازه','مازندران،بابل،كوي فرهنگيان حدفاصل ٢ دانشگاه','011-32470060'),(135,'????? ?????','55267344','رییسی',5,'55267344','09121442218','طراح و مجری دکوراسیون داخلی','شهرك صنعتي چهار دانگه خيابان بيست و چهارم.بلوار صنایع.خیابان شقایق شرقی.پلاک 19','55267345'),(136,'???? ???? ??? ????','55268758','حسيني',3,'55268758','09123459232','توليد كننده سوزن دوخت،انواع منگنه','شهرك صنعتي چهار دانگه،خيابان بيست و چهارم،بلوار صنايع،پلاك 21','55268758'),(137,'?????? ??? ? Mdf','011-33228165','اسماعيلي',3,'011-33228165','09119503650','طراحي و اجراي سيستم هاي اشپزخانه،دكوراسيون اد','ساري،بلوار كشاورز،جنب مخابرات ولايت،كوي محمد رسول(ص)','011-33228165'),(138,'??? ?????','55252087','محمدي',5,'55252087','09124582241','انواع پروفيل،نوار و چسب pvc،باكس','شهرك صنعتي چهار دانگه،خيابان بيست و چهارم،بلوار صنايع،پلاك 63','55252087'),(139,'???????? ????','55279098','كاظم پور',4,'55279098','09196332283','واردات و پخش دستگيره و قلاب','شهرك صنعتي چهار دانگه،خيابان بيست و چهارم،بلوار صنايع،پلاك 46','55279098'),(140,'??? ???????','5528155655281556','نصرتي',3,'55281556','09127240501','توليد كننده نوار پي وي سي','شهرك صنعتي چهار دانگه،خيابان بيست و چهارم،بلوار صنايع،بعد از کوچه توسکا.پلاك 36','55263614'),(141,'???? ????','46879072','دكامي',5,'46879072','09128662313','سازنده و طراح انواع كابينت آشپزخانه','سازنده و طراح انواع كابينت آشپزخانه','46879072'),(142,'??? ???','55275231','قربانزاده',5,'55275231','09125883396','پخش يراق آلات،كابينت،كالاي خواب،مبلمان','شهرك صنعتي چهار دانگه،انتهاي بلوار صنايع،پلاك٢٠','55275231'),(143,'????? ???? ????','55249582','جواد اسدي',5,'55249582','09123009400','بورس يراق آلات كابينت،سرويس خواب','شهرك صنعتي چهار دانگه،خيابان بيست و چهارم،بلوار صنايع،پلاك ١٠','55249582'),(144,'??????? ????','55272965','فرجي',5,'55272965','09121456360','رنگ،ابرار،يراق','شهرك صنعتي چهاردانگه،خيابان٢٦(نبش تاك)،پلاك٤٢','55272965'),(145,'???? ???','55278177','قره داغي',3,'55278177','09122509142','توليد كننده انواع چرخ صندلي گردان','شهرك صنعتي چهاردانگه،خيابان الومينيوم كاران،خيابان دوم،خيابان ميلاد،پلاك٣','55278177'),(146,'????? ???? ???','33283863','شمس',3,'33283863','09128139003','سازنده انواع سفارشات چوبي','كيلومتر١٢ جاده خاوران،مجتمع صنعتي خاوران،سايت درودگران،خيابان بلوط ششم،پلاك ٩٤','33283863'),(147,'???????? ????','88254485','بازرگاني ريوا',5,'55254485','09126965135','عرضه كننده ابزار و يراق','شهرك صنعتي چهار دانگه،خيابان بيست و چهارم،بلوار صنايع،پلاك ٦٥','55254485'),(148,'??? ?????','55276181','چسب صنايع',4,'55276181','09122002101','نماينده فروش محصولات اينترباند','شهرك صنعتي چهاردانگه،خيابان بيست و چهارم،بلوار صنايع،پلاك ٤٨','55276181'),(149,'??????','33282412','برخورداری',3,'33282412','33282412','HPL های برجسته','www.stylam.ir','33282412'),(150,'????? ???','56392914','نورمحمدی',4,'56392914','09125883492','تولید کننده  درب های PVC, و .درب های ضد سرقت ','تهران.شهرک صنعتی نصیر آباد  پشت بانک صنعت و معدن  روبروی آتش نشانی جنب باند هلی کوپتر  قطعه S13','56392914'),(151,'???? ??????','66205280','اطلس پروفیل',6,'66205280','09121225928','فروش انواع  نوار لبه  پی وی سی  وملامینه ترک ','تهران شهرک ولیعصر  میدان رجایی خیابان سجادی جنوبی پلاک 34','66324036'),(152,'???? PVC ?????????','55256496','گل افشان',4,'55256496','09123439427','وارد کننده نوار لبه PVC , ملامینه ترک .چسب گر','تهران شهرک صنعتی چهار دانگه  خیابان 24  بلوار صنایع  جنوبی  پلاک 34','55256637'),(153,'???? ???? ????? ???','02536105','بانک نوار ایران راش',6,'02536105','02536105','توزیع کننده نوار لبه .هماهنگ با  مطرح ترین  ب','02537301700','02536105'),(154,'?? ??????','55260186','آس پروفیل',3,'55260186','09121468034','تولید کننده انواع پروفیل MDF با روکشpvc قرنیز','تهران شهرک صنعتی چهار دانگه خیابان 24  اشکان 23/5 پلاک 9','55261988'),(155,'?? ?? (?? ?? ?? )','77497833','یو ام (پی وی سی )',6,'77497833','77497833','عرضه نوار پی وی سی به قیمت تجاری  تنوع رنگ ی ','تهران. رسالت. خیابان هنگام سی متری دوم پلاک 185','77801149');
/*!40000 ALTER TABLE `users` ENABLE KEYS */;
UNLOCK TABLES;
/*!40103 SET TIME_ZONE=@OLD_TIME_ZONE */;

/*!40101 SET SQL_MODE=@OLD_SQL_MODE */;
/*!40014 SET FOREIGN_KEY_CHECKS=@OLD_FOREIGN_KEY_CHECKS */;
/*!40014 SET UNIQUE_CHECKS=@OLD_UNIQUE_CHECKS */;
/*!40101 SET CHARACTER_SET_CLIENT=@OLD_CHARACTER_SET_CLIENT */;
/*!40101 SET CHARACTER_SET_RESULTS=@OLD_CHARACTER_SET_RESULTS */;
/*!40101 SET COLLATION_CONNECTION=@OLD_COLLATION_CONNECTION */;
/*!40111 SET SQL_NOTES=@OLD_SQL_NOTES */;

-- Dump completed on 2017-02-03 16:46:46
